Bandit_1,Bandit_2,Bandit_3,Bandit_1_scaled,Bandit_2_scaled,Bandit_3_scaled
0.3,0.1,0.6,0.3,0.1,0.6
0.38173586785134433,0.11319786727265442,0.5139471566977436,0.3,0.1,0.6
0.3602043069093859,0.12569956687814618,0.595242897446379,0.3,0.1,0.6
0.2989996355777955,0.08210457650606257,0.5517177781664112,0.3,0.1,0.6
0.3214737540632796,0.1171366612432759,0.5311473253973058,0.3,0.1,0.6
0.31039618195169183,0.2038038665008949,0.5977010167837693,0.3,0.1,0.6
0.36829506739186463,0.10216135802003372,0.3279868289349072,0.6,0.1,0.3
0.2928399395938591,0.12566420195487524,0.3894586827848606,0.3,0.1,0.6
0.3557536967175958,0.17863552788050696,0.39906867236076243,0.3,0.1,0.6
0.4054434792661654,0.06720550101918785,0.4967789423576776,0.3,0.1,0.6
0.3510730853822426,0.11187454225172969,0.6110448829687221,0.3,0.1,0.6
0.30392280044620756,0.06401872664841214,0.5109351344382407,0.3,0.1,0.6
0.21159412534440836,0.11900454200097431,0.5611646661194413,0.3,0.1,0.6
0.27637287427501894,0.09787022247549501,0.5731044893966385,0.3,0.1,0.6
0.2022451854111759,0.1647397037241274,0.6264022842563125,0.3,0.1,0.6
0.3810396015675975,0.09364550375559695,0.6924605702520086,0.3,0.1,0.6
0.24785804389995916,0.21190479639868642,0.6555245171475328,0.3,0.1,0.6
0.2885009057855187,0.11672758698072738,0.6687903696478823,0.3,0.1,0.6
0.33440199223867373,0.10531474535024572,0.5115881162671226,0.3,0.1,0.6
0.3821771593331165,0.17867415162233108,0.5396964674097394,0.3,0.1,0.6
0.24187961216249323,0.05400593096256642,0.6159821964207477,0.3,0.1,0.6
0.141927319902841,0.18240903723327173,0.7916717591765524,0.1,0.3,0.6
0.2182547909381984,0.0974017687046792,0.8330771670317729,0.3,0.1,0.6
0.14985132606148568,0.13860914996929735,0.922444205167526,0.3,0.1,0.6
0.2153040691853109,0.06363452649311112,0.8244140606750457,0.3,0.1,0.6
0.24680846787992394,0.10129749012936096,0.7465025064753921,0.3,0.1,0.6
0.3134676635362905,0.07209693668628382,0.7239265921198274,0.3,0.1,0.6
0.2964208434936145,0.08125864028615543,0.7269003409344478,0.3,0.1,0.6
0.3693097429843279,0.09079452519377026,0.5290892695807363,0.3,0.1,0.6
0.2716608191668181,0.14626133831519014,0.5446030143895632,0.3,0.1,0.6
0.4278715089670386,0.07465765735655172,0.5343784366303989,0.3,0.1,0.6
0.4447882968218771,0.12919386254367035,0.5545633147579752,0.3,0.1,0.6
0.39351033730908386,0.1158387960039346,0.5182424358688938,0.3,0.1,0.6
0.4869010977546833,0.0552985253192195,0.40234759268890996,0.6,0.1,0.3
0.5389523588985793,0.11521113914380755,0.48066936454297,0.6,0.1,0.3
0.38302140759975706,0.17485043006262424,0.3699083232026688,0.6,0.1,0.3
0.3057195821773963,0.1978053545179246,0.39615919063259236,0.3,0.1,0.6
0.13515063334679334,0.16630146390411216,0.5217059852181036,0.1,0.3,0.6
0.20973690331390724,0.1407277019924413,0.47595226430935567,0.3,0.1,0.6
0.2012688368440194,0.21136408042454485,0.4233201039139502,0.1,0.3,0.6
0.1638746576850552,0.19533791755506155,0.5080929199861809,0.1,0.3,0.6
0.25983622701613757,0.24616449473347846,0.5157306076860454,0.3,0.1,0.6
0.17944421847443034,0.34318048076594593,0.3674148841688574,0.1,0.3,0.6
0.17371252146633778,0.519485151175869,0.20946313525226112,0.1,0.6,0.3
0.3370995526014474,0.38640688709085314,0.12056874856051984,0.3,0.6,0.1
0.2421872207894999,0.5490179284938049,0.10431129690287456,0.3,0.6,0.1
0.22799828421650728,0.5113100930861441,0.15312038780882278,0.3,0.6,0.1
0.2804485823690091,0.6739707866851467,0.13524357374273294,0.3,0.6,0.1
0.20120203888283023,0.7245016718709323,0.09142399285768153,0.3,0.6,0.1
0.3178271081310316,0.5474683586121349,0.17421677718509235,0.3,0.6,0.1
0.24524649715701186,0.5132019952857965,0.06029607639272463,0.3,0.6,0.1
0.26317200433035426,0.6079272991222022,0.23113348897820832,0.3,0.6,0.1
0.23661866174955523,0.6347496047262113,0.06518158342304925,0.3,0.6,0.1
0.3059571414753242,0.5643014471637023,0.14433488628346922,0.3,0.6,0.1
0.4022070586897415,0.6307581156705041,0.1565199151732013,0.3,0.6,0.1
0.35662421697761426,0.7262732789188421,0.29008846867515403,0.3,0.6,0.1
0.38771093492500014,0.6674140250021382,0.05543363825964459,0.3,0.6,0.1
0.3046071990655718,0.4849162961370358,0.12227870515420182,0.3,0.6,0.1
0.3223264153510626,0.6307743325956271,0.0765701106655676,0.3,0.6,0.1
0.33160928302181236,0.617498235394053,0.08560254190364237,0.3,0.6,0.1
0.3178964825679679,0.6579390926802328,0.20154659045224754,0.3,0.6,0.1
0.17735669037551052,0.5977289924130644,0.23944701448144703,0.1,0.6,0.3
0.2091343439980881,0.5813237111781652,0.2459861696175486,0.1,0.6,0.3
0.2844376932451929,0.6653992007343149,0.1508654663171501,0.3,0.6,0.1
0.2279430347336192,0.6995982594495661,0.188413740878453,0.3,0.6,0.1
0.28596801519629755,0.6480492260805737,0.058247390553969394,0.3,0.6,0.1
0.21107898887070106,0.724535338812061,0.15107177404998687,0.3,0.6,0.1
0.09276234957769065,0.681464734485755,0.17292186637194945,0.1,0.6,0.3
0.2405632321821807,0.6572902545946729,0.1438849712246448,0.3,0.6,0.1
0.30781822814377685,0.6971301162159413,0.13939486591665298,0.3,0.6,0.1
0.24363308389207036,0.8015638571611124,0.05877648607138255,0.3,0.6,0.1
0.3233559418175672,0.7568579645502284,0.19514118993734325,0.3,0.6,0.1
0.38610974525209424,0.5248291025252728,0.20440310551004465,0.3,0.6,0.1
0.5086964812654197,0.5591051685387038,0.25041184263771166,0.3,0.6,0.1
0.4273616998203484,0.3736667110444664,0.1550416224675892,0.6,0.3,0.1
0.3993498430233169,0.5482193306846284,0.1418189941403636,0.3,0.6,0.1
0.5034565897737054,0.6633517639577382,0.11059027734785346,0.3,0.6,0.1
0.3949507870902741,0.7668451483503225,0.25422275078181317,0.3,0.6,0.1
0.37960809456722244,0.7663252304885767,0.18884260615286436,0.3,0.6,0.1
0.3901778756500058,0.7617758222237175,0.15910976410444969,0.3,0.6,0.1
0.3902250095559499,0.7297978997526015,0.07722172749507458,0.3,0.6,0.1
0.4594451371410246,0.5837383225990638,0.10245198015981727,0.3,0.6,0.1
0.5073102284892692,0.45128244217117014,0.06726121365679505,0.6,0.3,0.1
0.6366568392604516,0.17670887724860876,0.23640760441684217,0.6,0.1,0.3
0.4922928898166199,0.18371166248423987,0.411846986877876,0.6,0.1,0.3
0.5269325707334359,0.31323912092138495,0.5388093058510839,0.3,0.1,0.6
0.48000028839615994,0.24847994780043145,0.5347047512016648,0.3,0.1,0.6
0.4476732143530257,0.2677256565468779,0.5421249621196348,0.3,0.1,0.6
0.679174241873264,0.07229464664101096,0.39360613850409193,0.6,0.1,0.3
0.6587031090342021,0.11819195616883932,0.3853425058496119,0.6,0.1,0.3
0.6522136778954594,0.16791026049085425,0.3814125592257897,0.6,0.1,0.3
0.6663847071563436,0.13869162444885508,0.3325350822394592,0.6,0.1,0.3
0.5060402588813434,0.1754589538340904,0.16622214777351246,0.6,0.3,0.1
0.47315578036925404,0.18278473765927744,0.17077777231843222,0.6,0.3,0.1
0.589407452279197,0.10858567683000704,0.1401024953760549,0.6,0.1,0.3
0.6475572352700735,0.12454406096616373,0.18860366125251637,0.6,0.1,0.3
0.597676803818137,0.0904365748385927,0.25252596192138665,0.6,0.1,0.3
0.7136819006449762,0.09799459715970162,0.43163345061765795,0.6,0.1,0.3
0.734338193456017,0.11623079724975809,0.30482231823777717,0.6,0.1,0.3
0.7113862754975032,0.07584477539357899,0.4532186247932359,0.6,0.1,0.3
0.7981174865831459,0.08813420513186543,0.45559324865188816,0.6,0.1,0.3
0.6919564601350724,0.1388676613416086,0.35224937329784056,0.6,0.1,0.3
0.5310822175861281,0.1971909248189523,0.3302022808106921,0.6,0.1,0.3
0.42812946419492903,0.1226454934472331,0.3146806905959671,0.6,0.1,0.3
0.3509132559693754,0.07915288548009468,0.25985039414488975,0.6,0.1,0.3
0.3633938533667008,0.1471780538952347,0.1571590564323259,0.6,0.1,0.3
0.5313743119737347,0.24008188271862196,0.17468286781841402,0.6,0.3,0.1
0.4772515345210621,0.09053083061739903,0.19610809460994752,0.6,0.1,0.3
0.47754580970479255,0.22924045594270873,0.19055367660832256,0.6,0.3,0.1
0.6334974101039329,0.35967654835907026,0.2796748128915968,0.6,0.3,0.1
0.6195027187903337,0.2426848790314393,0.19841362579414898,0.6,0.3,0.1
0.6594311167831018,0.12391290662758729,0.25457165424106487,0.6,0.1,0.3
0.5632474956412904,0.0559329341260577,0.36141321704218937,0.6,0.1,0.3
0.5983878361908093,0.13377393413039645,0.3848230317772884,0.6,0.1,0.3
0.5661264590367555,0.07109366806387725,0.3307132646100771,0.6,0.1,0.3
0.577550389963843,0.2367280476040657,0.38531444069912535,0.6,0.1,0.3
0.4557451481606445,0.19622466414130604,0.25165553820992115,0.6,0.1,0.3
0.6220249662970464,0.10484103062688888,0.28775030190310025,0.6,0.1,0.3
0.6022530745871711,0.11815519302254911,0.33693480955543514,0.6,0.1,0.3
0.6300158111965568,0.08182985304215644,0.20898974246429938,0.6,0.1,0.3
0.603319892786905,0.08336901701211366,0.21490197672266334,0.6,0.1,0.3
0.5508676184818212,0.2628805863165315,0.2915534501292127,0.6,0.1,0.3
0.46298893554847,0.359818782885199,0.3416318208719659,0.6,0.3,0.1
0.32668473652570995,0.3888318003585359,0.31712605230039026,0.3,0.6,0.1
0.18650685394074765,0.5604053854657393,0.20528337392911333,0.1,0.6,0.3
0.13528314271965494,0.5159252815855541,0.34499735751852273,0.1,0.6,0.3
0.16022632774452789,0.5903781326090527,0.49295567611882446,0.1,0.6,0.3
0.18264878908144438,0.6542016680365275,0.48160384322219674,0.1,0.6,0.3
0.21964110144300275,0.6294004993163123,0.45875306131011395,0.1,0.6,0.3
0.28741615057318176,0.5900676821095429,0.36054341160922504,0.1,0.6,0.3
0.3511213380739415,0.6210246695887561,0.3382943455608674,0.3,0.6,0.1
0.30303011658008777,0.7564600409395249,0.30267919307204055,0.3,0.6,0.1
0.12414762031088288,0.8065610760291577,0.37943129012198795,0.1,0.6,0.3
0.09844519107702376,0.6753251311787927,0.3948429037455463,0.1,0.6,0.3
0.09840276920178179,0.6717269148646696,0.3320979978776472,0.1,0.6,0.3
0.15254932768851365,0.5857992623378049,0.3009730425769129,0.1,0.6,0.3
0.26182482265198204,0.7450122597466446,0.40966988916369645,0.1,0.6,0.3
0.30155969719310255,0.735340244193414,0.5341255385456266,0.1,0.6,0.3
0.11106765124654791,0.5600837064571134,0.4509445634763405,0.1,0.6,0.3
0.13192185341546483,0.5412919075989571,0.39844829807708076,0.1,0.6,0.3
0.0640296702707726,0.5083729907240293,0.4179709850819269,0.1,0.6,0.3
0.19398126072569702,0.3942008478561629,0.31188282828861275,0.1,0.6,0.3
0.17758342859739762,0.4963052617669198,0.39634664231432737,0.1,0.6,0.3
0.12006182321201571,0.6019751505818239,0.36664504678513626,0.1,0.6,0.3
0.050919388594284375,0.7361118634837829,0.3959039946932152,0.1,0.6,0.3
0.1097489540041179,0.7640836465218078,0.33375950018668454,0.1,0.6,0.3
0.05795925018315886,0.7406063193403599,0.3597995221106957,0.1,0.6,0.3
0.14357284750741603,0.6686586197709642,0.2441273541812929,0.1,0.6,0.3
0.1160618343203179,0.6013080895522926,0.46668685392439435,0.1,0.6,0.3
0.23639082004643555,0.5990923619149762,0.39541673396179877,0.1,0.6,0.3
0.172021672391968,0.49867966765945887,0.4358658318759087,0.1,0.6,0.3
0.16263262754221633,0.40133391386095746,0.25267356473543773,0.1,0.6,0.3
0.1060616880442156,0.4659195069429701,0.2758441263578946,0.1,0.6,0.3
0.07273792180379804,0.555994136666646,0.30041417143145716,0.1,0.6,0.3
0.06472447903623288,0.6420082847958617,0.32730295530683334,0.1,0.6,0.3
0.0696818901174602,0.5511679130458025,0.3544244996691754,0.1,0.6,0.3
0.10005703370086072,0.6201504389070864,0.23445255890173633,0.1,0.6,0.3
0.0522096931307679,0.7889848776166359,0.17667759586410953,0.1,0.6,0.3
0.15923999514137246,0.6917985030149341,0.2512833470570435,0.1,0.6,0.3
0.2314441517630783,0.7972924293111704,0.2638397275622063,0.1,0.6,0.3
0.20642499231506237,0.7026764063170317,0.28038834853468186,0.1,0.6,0.3
0.29369232824122576,0.7341995882185642,0.34703499165407836,0.1,0.6,0.3
0.5010074564833238,0.45126026888652787,0.30945138978755166,0.6,0.3,0.1
0.6095870108877341,0.4445447947514053,0.1739778902047514,0.6,0.3,0.1
0.5483845964281239,0.33844196342532423,0.25923655698315,0.6,0.3,0.1
0.7169908231562776,0.3389728928114292,0.08781196908146706,0.6,0.3,0.1
0.6130662903026842,0.2849468550107017,0.09724137566562886,0.6,0.3,0.1
0.7022882356996779,0.12789982447106588,0.06067729008893714,0.6,0.3,0.1
0.711416663378147,0.18326389750945532,0.05149813524842957,0.6,0.3,0.1
0.6766224820441896,0.22353463786001654,0.12388105012248068,0.6,0.3,0.1
0.586509479744195,0.2611694497048418,0.07844152500039646,0.6,0.3,0.1
0.5376536177884111,0.2784519802122843,0.09234198182175972,0.6,0.3,0.1
0.5642203599464574,0.3094932292523189,0.10413219771359704,0.6,0.3,0.1
0.5098159146767782,0.23412058327314825,0.09298498965568068,0.6,0.3,0.1
0.6762462941890924,0.2601843181373441,0.06536536870644022,0.6,0.3,0.1
0.6008975057420066,0.2953094708080794,0.13736099268744842,0.6,0.3,0.1
0.5748214068391372,0.3348203774217267,0.09738957405447846,0.6,0.3,0.1
0.42235546039933036,0.36255706030807405,0.23901451281725222,0.6,0.3,0.1
0.4178510337410622,0.34268566033536324,0.14996488552474183,0.6,0.3,0.1
0.5895151809095319,0.519086389486864,0.11403627142743704,0.6,0.3,0.1
0.45048827467558883,0.3690233606143646,0.2276343214659213,0.6,0.3,0.1
0.41577683107593416,0.4162271639738618,0.22841222929548238,0.3,0.6,0.1
0.5136447881033933,0.4093900445420661,0.05412942692346432,0.6,0.3,0.1
0.6428701324701838,0.3846780416869106,0.0951306459983195,0.6,0.3,0.1
0.6982544531336192,0.36391879320957626,0.18693109244762818,0.6,0.3,0.1
0.6406342995564304,0.33381380514628667,0.0988610463909503,0.6,0.3,0.1
0.6101729284701453,0.2637342265228902,0.07277058584992883,0.6,0.3,0.1
0.6260525897416764,0.11391116482502071,0.11654204449207597,0.6,0.1,0.3
0.551067287480925,0.081090714779609,0.17021441249759775,0.6,0.1,0.3
0.6141365142531555,0.19895797826441797,0.12630179893953725,0.6,0.3,0.1
0.6226623235090312,0.11189612912175567,0.07568450141019563,0.6,0.3,0.1
0.632250995663625,0.1166580009475855,0.16285624357996778,0.6,0.1,0.3
0.5747867746637327,0.33500487140175517,0.18288598172841355,0.6,0.3,0.1
0.7032106931964021,0.30537963807407087,0.11836927074554644,0.6,0.3,0.1
0.6516010295883872,0.25954776804191443,0.14969827238483405,0.6,0.3,0.1
0.5483527329226776,0.15560721177516154,0.21587508860740723,0.6,0.1,0.3
0.48854990426829686,0.29745615736116954,0.22490064406244828,0.6,0.3,0.1
0.6628060068168344,0.35789794961885774,0.18125096335918767,0.6,0.3,0.1
0.6748233516171882,0.3484226679836299,0.2925736453174975,0.6,0.3,0.1
0.6206628726890814,0.35536096208581675,0.25845238776961776,0.6,0.3,0.1
0.6486792719966965,0.4839097048920579,0.2975698964189014,0.6,0.3,0.1
0.4864264335601967,0.4848507948236203,0.2437615514417633,0.6,0.3,0.1
0.43071742157493187,0.2940933461231892,0.3082283836249099,0.6,0.1,0.3
0.2791073579371891,0.26667823050693673,0.47628334639160047,0.3,0.1,0.6
0.2104809990155599,0.19380003295573822,0.6707646829881098,0.3,0.1,0.6
0.2835986237600448,0.14100204859736568,0.7251621385080073,0.3,0.1,0.6
0.40908179913592324,0.174141719657217,0.5981308159106131,0.3,0.1,0.6
0.34841651166128607,0.1265293414282099,0.6151070315383015,0.3,0.1,0.6
0.43673529804223893,0.22728070862230937,0.5217118087151422,0.3,0.1,0.6
0.5220294180996472,0.34161350821428615,0.6142926333329114,0.3,0.1,0.6
0.38897365433452413,0.2837714185568495,0.6034447375080983,0.3,0.1,0.6
0.38984498100087267,0.2068736509531123,0.5804234746265317,0.3,0.1,0.6
0.27894726737107495,0.16944097832937913,0.5282713372859283,0.3,0.1,0.6
0.18159413163911708,0.13024686128980423,0.3662412033448861,0.3,0.1,0.6
0.20534244027621903,0.2300540608277565,0.22997084442165228,0.1,0.6,0.3
0.377955907523848,0.08994331515275877,0.4180981557338382,0.3,0.1,0.6
0.5039118475946853,0.2478778935857034,0.4896525496910544,0.6,0.1,0.3
0.49237443405149595,0.10144061167147894,0.5040900379146832,0.3,0.1,0.6
0.49256857347772276,0.06596906411476129,0.6108889064553442,0.3,0.1,0.6
0.35395268006249436,0.1438375084149932,0.688043939339274,0.3,0.1,0.6
0.31805775709524264,0.10637765832117735,0.8668640661747152,0.3,0.1,0.6
0.2651342359873974,0.14595696392549873,0.7854207376332465,0.3,0.1,0.6
0.21222960856409487,0.051699907649380254,0.7332600944922791,0.3,0.1,0.6
0.26663557165167096,0.09533582110039472,0.6875853324105864,0.3,0.1,0.6
0.33547968557952274,0.06725393914271383,0.711599942028983,0.3,0.1,0.6
0.21014712394368906,0.18046094909584248,0.5605299617971767,0.3,0.1,0.6
0.4366064610113051,0.10371162792626687,0.5542784094478472,0.3,0.1,0.6
0.24085161441762865,0.1490987982078542,0.6554301605355193,0.3,0.1,0.6
0.3092855700436338,0.1580506808534637,0.7547073920660974,0.3,0.1,0.6
0.4796175592582714,0.1843295265422641,0.5699869434829716,0.3,0.1,0.6
0.3971426333933419,0.07871005455539111,0.5923011208587937,0.3,0.1,0.6
0.3582247069448568,0.24379075084698038,0.625587694363611,0.3,0.1,0.6
0.25234312546816334,0.1052966513176331,0.7257263463451449,0.3,0.1,0.6
0.23865546223877984,0.07767385843795889,0.6398291984597774,0.3,0.1,0.6
0.4313878096045807,0.12456621668669725,0.6717304818438147,0.3,0.1,0.6
0.4478791790963981,0.1842617480534382,0.5575577691521548,0.3,0.1,0.6
0.22600248673291387,0.26956264840936245,0.5530445613861825,0.1,0.3,0.6
0.2075535549361401,0.18548654009605428,0.6737738034322547,0.3,0.1,0.6
0.10438076398636616,0.13006841148481454,0.5830953937067951,0.1,0.3,0.6
0.2318387215558109,0.20081446618350574,0.4770598599193444,0.3,0.1,0.6
0.17950238045516526,0.20524874110489058,0.4386805970629926,0.1,0.3,0.6
0.30842125921652275,0.2808759803292309,0.42388941586571216,0.3,0.1,0.6
0.1778071837743455,0.5149743406330429,0.2663411721785982,0.1,0.6,0.3
0.1739140088127134,0.6568424146056413,0.21722007609082666,0.1,0.6,0.3
0.13096918551183362,0.574460251451214,0.22065127482063268,0.1,0.6,0.3
0.21711812431778796,0.6459585288987263,0.21031421081298604,0.3,0.6,0.1
0.21294640467832657,0.5937098825141338,0.18020478267966744,0.3,0.6,0.1
0.16244217757369042,0.5067128954816947,0.2521277973469119,0.1,0.6,0.3
0.1283492579569428,0.4062274412763484,0.12732112690714792,0.3,0.6,0.1
0.17493261439253147,0.5404416565403746,0.06977269729003296,0.3,0.6,0.1
0.22043517446865424,0.5408373203283857,0.12991181787927608,0.3,0.6,0.1
0.23975315887619936,0.5057035106493969,0.21469764073054884,0.3,0.6,0.1
0.08262635872314242,0.33923442791019753,0.30190321136205983,0.1,0.6,0.3
0.2583174934452016,0.5064637704694024,0.23595137964748192,0.3,0.6,0.1
0.23849078445314656,0.4539086756887204,0.256007486828136,0.1,0.6,0.3
0.1389840717282858,0.5169502191530484,0.25073481128914443,0.1,0.6,0.3
0.2105316029431218,0.45674469420773883,0.15811039468999682,0.3,0.6,0.1
0.20091697990772808,0.5805307696961505,0.16411068136921703,0.3,0.6,0.1
0.22079695424874998,0.5908023364866392,0.2742594223581651,0.1,0.6,0.3
0.0771556816217556,0.6445693876270111,0.25977547119701877,0.1,0.6,0.3
0.12640225210644432,0.6230712216308864,0.2415051175482733,0.1,0.6,0.3
0.27873009897848006,0.6480972679480909,0.23948140517758665,0.3,0.6,0.1
0.1038649487180694,0.653540960302617,0.14556151225118438,0.1,0.6,0.3
0.07507145342396747,0.602287774757389,0.24428082275566493,0.1,0.6,0.3
0.1097163787171893,0.6354110943424546,0.2856539729151652,0.1,0.6,0.3
0.056913541460846116,0.5849005832843343,0.34552984775295587,0.1,0.6,0.3
0.20489264872235027,0.5164979451861897,0.3430418910440119,0.1,0.6,0.3
0.18606676646655895,0.47764096668535205,0.23727504777198696,0.1,0.6,0.3
0.20082135492876346,0.4620768378276041,0.32256386526563546,0.1,0.6,0.3
0.20385081960764895,0.4986081085207312,0.24278621499510267,0.1,0.6,0.3
0.281826296972869,0.4531998604082498,0.21795260135683875,0.3,0.6,0.1
0.23285672859200296,0.549703070675658,0.2930386228416687,0.1,0.6,0.3
0.3799247197643611,0.45302133467735434,0.2825812146672652,0.3,0.6,0.1
0.18797401968456431,0.5211928912121301,0.3892131988478853,0.1,0.6,0.3
0.19316592708028046,0.5677218113059425,0.3573520816832538,0.1,0.6,0.3
0.13796649335625763,0.5336325591461404,0.3642997001355593,0.1,0.6,0.3
0.2560549689849613,0.4664738779440562,0.29581523773946183,0.1,0.6,0.3
0.13407285058155347,0.6583295495702983,0.20353469150335224,0.1,0.6,0.3
0.2637504433141616,0.6157573085886509,0.18384594015981848,0.3,0.6,0.1
0.18660391319746644,0.7356177987928635,0.21338859497092003,0.1,0.6,0.3
0.24300109451790977,0.5484135490438053,0.27720868877481486,0.1,0.6,0.3
0.2841135812802887,0.4894516940873478,0.2594714689606515,0.3,0.6,0.1
0.5763875795765229,0.3349050208683198,0.21625262435641993,0.6,0.3,0.1
0.5846230065263017,0.20057955809406092,0.2910105151156967,0.6,0.1,0.3
0.5373112527604592,0.23738931651069628,0.25184382689710627,0.6,0.1,0.3
0.7020740100591636,0.19942612649966834,0.16682544471545618,0.6,0.3,0.1
0.5714612758421342,0.3243311538843311,0.25264713099548214,0.6,0.3,0.1
0.6953547094257445,0.11180056274090584,0.3018889974896203,0.6,0.1,0.3
0.7373383806519154,0.1069530209314721,0.2492745257624724,0.6,0.1,0.3
0.7050021136643561,0.11855719530075426,0.25415635599517816,0.6,0.1,0.3
0.8464719311802397,0.08997924343295687,0.2381399907277031,0.6,0.1,0.3
0.6639247664086406,0.24476768527671916,0.11023066878504903,0.6,0.3,0.1
0.7061078274058202,0.254991319635789,0.17513524114872503,0.6,0.3,0.1
0.698361771709059,0.18752628826361112,0.32851186039760316,0.6,0.1,0.3
0.48200367462614097,0.34590184304318866,0.4640281545404018,0.6,0.1,0.3
0.5599755192889373,0.09146030938218504,0.5075305913919687,0.6,0.1,0.3
0.6912354107964391,0.07103009366486333,0.33705881774729507,0.6,0.1,0.3
0.6657333534616087,0.07714307919101146,0.36493033306502703,0.6,0.1,0.3
0.5906025154361958,0.1823367309343344,0.2384773872120232,0.6,0.1,0.3
0.5788354901243771,0.15791065521383832,0.3824167688058927,0.6,0.1,0.3
0.5856856702910737,0.18146875709190155,0.2545468314218087,0.6,0.1,0.3
0.5971426764847653,0.2368227214484854,0.305006132315095,0.6,0.1,0.3
0.5987171297409164,0.21600939282477996,0.23276370952277295,0.6,0.1,0.3
0.6496169412055912,0.22410352512704967,0.2362803889273308,0.6,0.1,0.3
0.6997097787224839,0.07547685303401164,0.21541641239335074,0.6,0.1,0.3
0.7904286821934621,0.10556462593004418,0.3484407431377977,0.6,0.1,0.3
0.7817431676957702,0.2178087488395182,0.4383240069442772,0.6,0.1,0.3
0.6129255198835369,0.19546432118108176,0.326445445817308,0.6,0.1,0.3
0.717296728742792,0.11707476436232743,0.4153279094090826,0.6,0.1,0.3
0.7102393162306234,0.12051250339215142,0.2041160280774683,0.6,0.1,0.3
0.7139853261256913,0.1045902001242408,0.16297406861292857,0.6,0.1,0.3
0.537536809236242,0.07490452598839976,0.14109774305313927,0.6,0.1,0.3
0.49010202200353337,0.09270546789967553,0.05298231726428023,0.6,0.3,0.1
0.5119243260446159,0.0775455295973108,0.14003683617078685,0.6,0.1,0.3
0.56302049585381,0.09438816333029054,0.1753842463058339,0.6,0.1,0.3
0.6867806912538265,0.07339271471013481,0.28822450849865155,0.6,0.1,0.3
0.6221451011674501,0.09188390894298795,0.3852700332194043,0.6,0.1,0.3
0.5840226322729134,0.12995212086817295,0.35296844297654484,0.6,0.1,0.3
0.6027785826678367,0.18465620613373657,0.41076887454184735,0.6,0.1,0.3
0.6871611140171785,0.14864732114203258,0.4560080310485516,0.6,0.1,0.3
0.6985575537994543,0.24384702520275445,0.2905222609779185,0.6,0.1,0.3
0.5937552212381868,0.20172444422557717,0.29592031524101997,0.6,0.1,0.3
0.5212449245458626,0.30209928841048433,0.18729092508645606,0.6,0.3,0.1
0.44390050478115434,0.41927333844739567,0.18972200743791,0.6,0.3,0.1
0.3990614324677702,0.4179032914739449,0.1357341797846324,0.3,0.6,0.1
0.423083990098078,0.5021972834711323,0.13201667226899705,0.3,0.6,0.1
0.23793307086608298,0.5203875380856905,0.07998372773678554,0.3,0.6,0.1
0.22078680071000456,0.5980321510552858,0.05278150480198608,0.3,0.6,0.1
0.30079651915617506,0.6190691079703045,0.08891125582843191,0.3,0.6,0.1
0.2763386602848058,0.6469434136027579,0.14747637460767501,0.3,0.6,0.1
0.30029512001913494,0.5845058129360944,0.221832775411474,0.3,0.6,0.1
0.3213339074305944,0.5026783620074707,0.21660957230544242,0.3,0.6,0.1
0.33359153861926955,0.5463726759347712,0.1370391951807804,0.3,0.6,0.1
0.39349894854311546,0.6129797878175098,0.0821065780255598,0.3,0.6,0.1
0.32024254667826024,0.5966137110909708,0.09391989785786332,0.3,0.6,0.1
0.266437313825153,0.6943672647671382,0.14724343242982657,0.3,0.6,0.1
0.1738613617339673,0.789085111031469,0.2098290391727863,0.1,0.6,0.3
0.062092676158374015,0.7195714570697244,0.195384595595334,0.1,0.6,0.3
0.13999903119296833,0.7643737679179844,0.11777491461662219,0.3,0.6,0.1
0.054162670609155014,0.6779528070492735,0.08430580176411633,0.1,0.6,0.3
0.05210998359175857,0.7497588181272637,0.09936707468564075,0.1,0.6,0.3
0.23379504195662834,0.6421435412016813,0.2076985502093285,0.3,0.6,0.1
0.17216140927106124,0.7517250830448856,0.14753899679669588,0.3,0.6,0.1
0.13592664172210653,0.6395966078473477,0.21481879302074602,0.1,0.6,0.3
0.248080177906552,0.46043436473183363,0.11120567665020761,0.3,0.6,0.1
0.31374666638400933,0.5288727627098332,0.056308146871151855,0.3,0.6,0.1
0.3659253792804827,0.5561057562437028,0.09104357998881764,0.3,0.6,0.1
0.35244642439389073,0.7803331303528238,0.17486683517266066,0.3,0.6,0.1
0.2681243732217634,0.8192681440742289,0.06076289201226786,0.3,0.6,0.1
0.12052591707016518,0.7513621246852593,0.06785264880079152,0.3,0.6,0.1
0.17360147097813083,0.7793333962826009,0.12742653319342165,0.3,0.6,0.1
0.26462398394355174,0.7433007301571474,0.06442511955441772,0.3,0.6,0.1
0.2338527482049284,0.7241185055325957,0.17252459608964635,0.3,0.6,0.1
0.37725350239462674,0.6206612735840377,0.0991977859008295,0.3,0.6,0.1
0.4307552199140096,0.5989487760896546,0.17724007065890773,0.3,0.6,0.1
0.34117337963346056,0.5454668889951123,0.11969013752142471,0.3,0.6,0.1
0.3444092621633552,0.5981403401263554,0.10320358827649603,0.3,0.6,0.1
0.27671719054982136,0.6251949410985805,0.22203328541477318,0.3,0.6,0.1
0.1941601620700786,0.5892440189949073,0.21924442162071714,0.1,0.6,0.3
0.18558012942652802,0.5728327698344482,0.14336235037075262,0.3,0.6,0.1
0.1817225545110351,0.5700441148698124,0.16689948948317482,0.3,0.6,0.1
0.1235966077672757,0.5545691255785711,0.1893586747535868,0.1,0.6,0.3
0.1807720893028478,0.4113119686905402,0.23803036214317544,0.1,0.6,0.3
0.1641433888736411,0.31184254526985017,0.4506191818586118,0.1,0.3,0.6
0.11505705091036182,0.2838633078427962,0.43367900682204347,0.1,0.3,0.6
0.2753905776211849,0.26009752078492293,0.5643543351553918,0.3,0.1,0.6
0.3820895176015349,0.12116863662928327,0.4399277457002967,0.3,0.1,0.6
0.38652150521084105,0.08336713710031508,0.4403328493855385,0.3,0.1,0.6
0.4239830439535086,0.11488862199324944,0.5016074196644882,0.3,0.1,0.6
0.3911595722825082,0.19462582696170627,0.5792303552550557,0.3,0.1,0.6
0.44593161978667895,0.11804269890022827,0.8185880715195855,0.3,0.1,0.6
0.43343683750008166,0.11306425103106009,0.7523194421065453,0.3,0.1,0.6
0.3233036520806601,0.14969743214387932,0.6735194270519133,0.3,0.1,0.6
0.2683614142944781,0.076748140612682,0.5765301863147488,0.3,0.1,0.6
0.1867719329932341,0.066224844995017,0.6509032512325559,0.3,0.1,0.6
0.3192985594244127,0.12944041475473658,0.6499175573762221,0.3,0.1,0.6
0.39226608878659636,0.14297379918949715,0.6233041080004308,0.3,0.1,0.6
0.30264141660699256,0.14354158779857382,0.5394618677454373,0.3,0.1,0.6
0.16291440871453702,0.05919043112528478,0.5388057749419997,0.3,0.1,0.6
0.1713139669886114,0.10972019468872221,0.6384533379955817,0.3,0.1,0.6
0.26659653383355364,0.10304500160492501,0.6503968836235999,0.3,0.1,0.6
0.4089634650877474,0.24721666050688534,0.6002266676067374,0.3,0.1,0.6
0.2572924259096681,0.17590854689786234,0.4461400141880918,0.3,0.1,0.6
0.4683106206525137,0.19286068574385445,0.5742391723957266,0.3,0.1,0.6
0.35252631333444695,0.2306945358370373,0.7671438563477151,0.3,0.1,0.6
0.43474483254792246,0.19534618658672567,0.7252306767520483,0.3,0.1,0.6
0.5407687185393636,0.1668127201457512,0.7158426829656017,0.3,0.1,0.6
0.4624858516934725,0.18800659613537563,0.6514991080813617,0.3,0.1,0.6
0.41826526324925384,0.13105504861039033,0.5858735289058956,0.3,0.1,0.6
0.4998812821042586,0.14380649996994993,0.683227461849743,0.3,0.1,0.6
0.2823631179318188,0.1697608881349964,0.5719350908288161,0.3,0.1,0.6
0.4006653470142366,0.24788334242989662,0.5215188098054888,0.3,0.1,0.6
0.3878273258376619,0.1469423561746146,0.4102580389933123,0.3,0.1,0.6
0.314241032880048,0.08236779434826795,0.4785030651009351,0.3,0.1,0.6
0.3026093387162312,0.07830139434133102,0.47758726936335044,0.3,0.1,0.6
0.4106914278065784,0.08986477185005395,0.5091623211134287,0.3,0.1,0.6
0.2920420578896942,0.057154186316388474,0.4753626575938934,0.3,0.1,0.6
0.35081191775887,0.1510852740007396,0.5473930961751501,0.3,0.1,0.6
0.3719387933852482,0.09864485099680949,0.5702938412115299,0.3,0.1,0.6
0.3774431769941336,0.10060849004080115,0.6646736006430153,0.3,0.1,0.6
0.45120436129559255,0.17129193519092337,0.5551709754860754,0.3,0.1,0.6
0.509120203860651,0.07805768845835395,0.44583601570221887,0.6,0.1,0.3
0.53733965380261,0.13585572595487463,0.23021637147114496,0.6,0.1,0.3
0.4933057379317817,0.2524047016441771,0.054884175578603735,0.6,0.3,0.1
0.5896452752546815,0.25220873478172734,0.09525304349765029,0.6,0.3,0.1
0.6596013604809393,0.3810676427846831,0.10368122596820388,0.6,0.3,0.1
0.6127316931057903,0.3470114128689245,0.06851621403446301,0.6,0.3,0.1
0.6032659323555118,0.3249261596374562,0.2628109311903231,0.6,0.3,0.1
0.5795568177512176,0.4021106144718366,0.23252814127920501,0.6,0.3,0.1
0.59553215757059,0.5063161445790876,0.22138024571742448,0.6,0.3,0.1
0.6823662258072157,0.4283145584740124,0.19007547755530557,0.6,0.3,0.1
0.6913324699033521,0.27642832015598506,0.16099349764746293,0.6,0.3,0.1
0.5785039795243538,0.2864586839606631,0.28315440336362374,0.6,0.3,0.1
0.5914058300074168,0.3438351178767397,0.24317676954668377,0.6,0.3,0.1
0.6885122123153019,0.3313011505944092,0.27715911579622743,0.6,0.3,0.1
0.7017996365988348,0.43224423040628424,0.30901252412761143,0.6,0.3,0.1
0.6864615213033838,0.35904607683684675,0.18612507247840296,0.6,0.3,0.1
0.6130611359307093,0.3392561867210918,0.26598313466405116,0.6,0.3,0.1
0.6521709303316142,0.2458790736180184,0.22165902754169695,0.6,0.3,0.1
0.718689424994189,0.28499138698747595,0.2289000984959972,0.6,0.3,0.1
0.7114756341105222,0.3636580408584844,0.11245117590860954,0.6,0.3,0.1
0.6175121091627233,0.32478555685710747,0.08422609074233839,0.6,0.3,0.1
0.5133615517451581,0.1965591379994136,0.1444990180179796,0.6,0.3,0.1
0.5850536514397833,0.3463170401799732,0.10676879391742439,0.6,0.3,0.1
0.4854608384124822,0.30844909712972285,0.11782483321152384,0.6,0.3,0.1
0.5630041646009497,0.3179495085516648,0.0822421742927747,0.6,0.3,0.1
0.5493117225723644,0.22061627360278585,0.2104997781248343,0.6,0.3,0.1
0.6430872149810434,0.2979699811401622,0.0859079887478188,0.6,0.3,0.1
0.7485924247802178,0.329448576531234,0.10270245623287023,0.6,0.3,0.1
0.7121261767580274,0.39093245014583067,0.11974067913671414,0.6,0.3,0.1
0.7642568323317945,0.23193831798678105,0.05044478726131375,0.6,0.3,0.1
0.7595287267926643,0.1515131811725335,0.11805056472213447,0.6,0.3,0.1
0.6758731109534805,0.2950723423268962,0.05020326560144084,0.6,0.3,0.1
0.7020736804062658,0.34575747085401376,0.10744507103013792,0.6,0.3,0.1
0.6960139349728364,0.3223845713264612,0.09814298129570116,0.6,0.3,0.1
0.7382949850639543,0.3078050422163961,0.05304146216359632,0.6,0.3,0.1
0.9332734921022576,0.34276013752892864,0.17183200326024672,0.6,0.3,0.1
0.8542977865724032,0.3411129171396846,0.11952039893986113,0.6,0.3,0.1
0.8157280500815989,0.3006960905840303,0.12074513459925106,0.6,0.3,0.1
0.8328592562446332,0.3040234183594515,0.05885692251264439,0.6,0.3,0.1
0.7554455016665478,0.27779788650138093,0.14337625896392345,0.6,0.3,0.1
0.7694184955986492,0.3107875084812377,0.05789786892714924,0.6,0.3,0.1
0.5335272026581513,0.3653931022422911,0.32844955949694166,0.6,0.3,0.1
0.41483269003391465,0.1771730303805035,0.47378466175541534,0.3,0.1,0.6
0.14803807136439745,0.2993888940837391,0.6227052071339949,0.1,0.3,0.6
0.13714472372339578,0.4113371273714091,0.634791110576116,0.1,0.3,0.6
0.1863492782169147,0.3684745774756091,0.493840370492774,0.1,0.3,0.6
0.21332852605919797,0.47733529452650525,0.5622945727104353,0.1,0.3,0.6
0.13713104565307765,0.3622938628409036,0.4780638378438169,0.1,0.3,0.6
0.3170743180644713,0.2513923275513917,0.44655231829294223,0.3,0.1,0.6
0.244753597424524,0.32860826901858814,0.5214714976955388,0.1,0.3,0.6
0.14405824920820975,0.3134193915001082,0.613187060772822,0.1,0.3,0.6
0.05024708181013957,0.28109024767404067,0.48627430597078913,0.1,0.3,0.6
0.10072772948036757,0.4095746492261364,0.5457195573974327,0.1,0.3,0.6
0.19213695524274577,0.4637984290693967,0.6723173695321589,0.1,0.3,0.6
0.22647688530395266,0.32706892838942686,0.6083349310905682,0.1,0.3,0.6
0.1688123511245695,0.3864698279096727,0.5646526081991421,0.1,0.3,0.6
0.21967825105445932,0.24265361549131378,0.5138439417451873,0.1,0.3,0.6
0.12217164800994848,0.14042871694752043,0.5600659062898425,0.1,0.3,0.6
0.07268160510748473,0.266492589250897,0.49013517165024617,0.1,0.3,0.6
0.18697023249021008,0.2335042657370573,0.4567217551655747,0.1,0.3,0.6
0.2465339366796857,0.22698038144420593,0.3648034015409525,0.3,0.1,0.6
0.18671483777382136,0.28369942480090055,0.5325500654525926,0.1,0.3,0.6
0.21578929273076142,0.4376420191712072,0.5828856784177683,0.1,0.3,0.6
0.2578516297705546,0.38248277107765305,0.7127887111295017,0.1,0.3,0.6
0.08140105512410382,0.34806158795696684,0.5853103331149555,0.1,0.3,0.6
0.20002944756019528,0.31720611115921477,0.5987768574232737,0.1,0.3,0.6
0.05543744365434982,0.17970466791223644,0.6301212659717744,0.1,0.3,0.6
0.1456765962413918,0.2340872861703883,0.6850001819626061,0.1,0.3,0.6
0.13928221077497535,0.27424942842794403,0.653299486510427,0.1,0.3,0.6
0.17578861046407984,0.3496776746201452,0.644751244156686,0.1,0.3,0.6
0.12683320509997686,0.3269502861054265,0.5137885506661956,0.1,0.3,0.6
0.09571551370200043,0.2742388335233637,0.3571289849217743,0.1,0.3,0.6
0.09793857014523692,0.2673588379928878,0.4319928936593662,0.1,0.3,0.6
0.16833918104655043,0.38036379216010374,0.4840237650541716,0.1,0.3,0.6
0.2581932028297719,0.24896201366944234,0.5915985651702547,0.3,0.1,0.6
0.05611204396106846,0.2323747661454617,0.7199127712784952,0.1,0.3,0.6
0.1332548634063016,0.19468916236324127,0.6396546415491049,0.1,0.3,0.6
0.09341590770808803,0.16279439236753765,0.6284252618466246,0.1,0.3,0.6
0.17129845306435237,0.1960243829690966,0.5686972505887428,0.1,0.3,0.6
